session,run,direction,direction_source,freq_hz,sync_rpm,current_a,steady_rows,load_kg,baseline_kg,total_kg,rpm,rpm_unc,slip_rpm,slip,slip_unc,file,note
2026-10-05_2129,1,up,recorded,1.3900,41.80,0.4760,140,0.0000,0.0000,0.0000,30.50,1.5000,11.30,0.2703,0.0359,2026-10-05_212942_run01_load0kg_base0kg.csv,RPM 30 was typed after run 2 in the logger; it belongs to run 1
2026-10-05_2129,2,down,recorded,1.3900,41.80,0.4860,103,0.0000,0.0000,0.0000,38.00,0.5000,3.8000,0.0909,0.0120,2026-10-05_213019_run02_load0kg_base0kg.csv,
2026-10-05_2133,1,up,inferred,2.4500,73.40,0.4630,72,0.0000,0.0000,0.0000,60.00,1.0000,13.40,0.1826,0.0136,2026-10-05_213332_run01_load0kg_base0kg.csv,direction inferred from run order and current
2026-10-05_2133,2,down,inferred,2.4400,73.30,0.4340,68,0.0000,0.0000,0.0000,69.50,0.5000,3.8000,0.0518,0.0068,2026-10-05_213355_run02_load0kg_base0kg.csv,
2026-10-05_2133,4,up,inferred,2.4400,73.30,0.4690,72,0.0000,0.0000,0.0000,60.00,1.0000,13.30,0.1814,0.0136,2026-10-05_213414_run04_load0kg_base0kg.csv,
2026-10-05_2136,2,up,inferred,4.8500,145.40,0.8140,36,0.0000,0.0000,0.0000,137.50,0.5000,7.9000,0.0543,0.0034,2026-10-05_213703_run02_load0kg_base0kg.csv,a down reading of 141 RPM has no matching logged run
2026-10-05_2139,1,up,inferred,6.3600,190.70,0.7000,25,0.0000,0.0000,0.0000,180.00,0.5000,10.70,0.0561,0.0026,2026-10-05_213912_run01_load0kg_base0kg.csv,one RPM per direction given for the session
2026-10-05_2139,2,down,inferred,6.3600,190.70,0.6600,23,0.0000,0.0000,0.0000,186.00,0.5000,4.7000,0.0246,0.0026,2026-10-05_213920_run02_load0kg_base0kg.csv,
2026-10-05_2139,3,up,inferred,6.3500,190.50,0.6920,24,0.0000,0.0000,0.0000,180.00,0.5000,10.50,0.0551,0.0026,2026-10-05_213928_run03_load0kg_base0kg.csv,
2026-10-05_2139,4,down,inferred,6.3600,190.70,0.6410,22,0.0000,0.0000,0.0000,186.00,0.5000,4.7000,0.0246,0.0026,2026-10-05_213935_run04_load0kg_base0kg.csv,
2026-10-05_2139,5,up,inferred,6.3500,190.60,0.7200,21,0.0000,0.0000,0.0000,180.00,0.5000,10.60,0.0556,0.0026,2026-10-05_213942_run05_load0kg_base0kg.csv,
